ts_utc,mid
2025-12-12 01:00:11+00:00,0.095
2025-12-12 02:00:11+00:00,0.115
2025-12-12 03:00:15+00:00,0.105
2025-12-12 04:00:12+00:00,0.105
2025-12-12 05:00:25+00:00,0.12
2025-12-12 06:00:14+00:00,0.12
2025-12-12 07:00:12+00:00,0.12
2025-12-12 08:00:11+00:00,0.105
2025-12-12 09:00:14+00:00,0.095
2025-12-12 10:00:11+00:00,0.08
2025-12-12 11:00:13+00:00,0.08
2025-12-12 12:00:18+00:00,0.08
2025-12-12 13:00:12+00:00,0.085
2025-12-12 14:00:12+00:00,0.08
2025-12-12 15:00:14+00:00,0.08
2025-12-12 16:00:12+00:00,0.08
2025-12-12 17:00:20+00:00,0.085
2025-12-12 18:00:15+00:00,0.085
2025-12-12 19:00:13+00:00,0.085
2025-12-12 20:00:16+00:00,0.085
2025-12-12 21:00:15+00:00,0.08
2025-12-12 22:00:16+00:00,0.08
2025-12-12 23:00:13+00:00,0.08
2025-12-13 00:00:18+00:00,0.075
2025-12-13 01:00:12+00:00,0.075
2025-12-13 02:00:13+00:00,0.075
2025-12-13 03:00:15+00:00,0.075
2025-12-13 04:00:14+00:00,0.075
2025-12-13 05:00:12+00:00,0.075
2025-12-13 06:00:27+00:00,0.075
2025-12-13 07:00:13+00:00,0.075
2025-12-13 08:00:13+00:00,0.075
2025-12-13 09:00:15+00:00,0.075
2025-12-13 10:00:13+00:00,0.08
2025-12-13 11:00:13+00:00,0.08
2025-12-13 12:00:20+00:00,0.08
2025-12-13 13:00:13+00:00,0.08
2025-12-13 14:00:27+00:00,0.08
2025-12-13 15:00:16+00:00,0.08
2025-12-13 16:00:13+00:00,0.08
2025-12-13 17:00:17+00:00,0.085
2025-12-13 18:00:16+00:00,0.085
2025-12-13 19:00:13+00:00,0.085
2025-12-13 20:00:14+00:00,0.085
2025-12-13 21:00:16+00:00,0.085
2025-12-13 22:00:15+00:00,0.085
2025-12-13 23:00:13+00:00,0.085
2025-12-14 00:00:19+00:00,0.085
2025-12-14 01:00:13+00:00,0.085
2025-12-14 02:00:13+00:00,0.08
2025-12-14 03:00:16+00:00,0.09
2025-12-14 04:00:13+00:00,0.09
2025-12-14 05:00:13+00:00,0.09
2025-12-14 06:00:16+00:00,0.09
2025-12-14 07:00:13+00:00,0.09
2025-12-14 08:00:13+00:00,0.09
2025-12-14 09:00:16+00:00,0.08
2025-12-14 10:00:14+00:00,0.08
2025-12-14 11:00:13+00:00,0.08
2025-12-14 12:00:18+00:00,0.08
2025-12-14 13:00:12+00:00,0.08
2025-12-14 14:00:13+00:00,0.08
2025-12-14 15:00:16+00:00,0.08
2025-12-14 16:00:13+00:00,0.08
2025-12-14 17:00:17+00:00,0.08
2025-12-14 18:00:15+00:00,0.08
2025-12-14 19:00:16+00:00,0.08
2025-12-14 20:00:17+00:00,0.08
2025-12-14 21:00:16+00:00,0.08
2025-12-14 22:00:12+00:00,0.08
2025-12-14 23:00:13+00:00,0.08
2025-12-15 00:00:20+00:00,0.08
2025-12-15 01:00:12+00:00,0.08
2025-12-15 02:00:12+00:00,0.08
2025-12-15 03:00:15+00:00,0.09
2025-12-15 04:00:15+00:00,0.09
2025-12-15 05:00:13+00:00,0.09
2025-12-15 06:00:17+00:00,0.09
2025-12-15 07:00:12+00:00,0.09
2025-12-15 08:00:12+00:00,0.09
2025-12-15 09:00:24+00:00,0.09
2025-12-15 10:00:12+00:00,0.08
2025-12-15 11:00:15+00:00,0.08
2025-12-15 12:00:17+00:00,0.08
2025-12-15 13:00:26+00:00,0.08
2025-12-15 14:00:12+00:00,0.08
2025-12-15 15:00:16+00:00,0.08
2025-12-15 16:00:13+00:00,0.08
2025-12-15 17:00:16+00:00,0.08
2025-12-15 18:00:31+00:00,0.08
2025-12-15 19:00:12+00:00,0.075
2025-12-15 20:00:12+00:00,0.08
2025-12-15 21:00:15+00:00,0.08
2025-12-15 22:00:28+00:00,0.08
2025-12-15 23:00:12+00:00,0.08
2025-12-16 00:00:17+00:00,0.08
2025-12-16 01:00:17+00:00,0.08
2025-12-16 02:00:12+00:00,0.08
2025-12-16 03:00:14+00:00,0.08
2025-12-16 04:00:12+00:00,0.08
2025-12-16 05:00:12+00:00,0.08
2025-12-16 06:00:15+00:00,0.08
2025-12-16 07:00:19+00:00,0.07
2025-12-16 08:00:23+00:00,0.07
2025-12-16 09:00:14+00:00,0.07
2025-12-16 10:00:12+00:00,0.07
2025-12-16 11:00:12+00:00,0.07
2025-12-16 12:00:30+00:00,0.07
2025-12-16 13:00:12+00:00,0.07
2025-12-16 14:00:26+00:00,0.07
2025-12-16 15:00:14+00:00,0.07
2025-12-16 16:00:29+00:00,0.07
2025-12-16 17:00:14+00:00,0.07
2025-12-16 18:00:15+00:00,0.07
2025-12-16 19:00:14+00:00,0.07
2025-12-16 20:00:13+00:00,0.07
2025-12-16 21:00:15+00:00,0.07
2025-12-16 22:00:12+00:00,0.07
2025-12-16 23:00:14+00:00,0.07
2025-12-17 00:00:14+00:00,0.07
2025-12-17 00:00:35+00:00,0.07
2025-12-17 01:00:13+00:00,0.07
2025-12-17 02:00:13+00:00,0.075
2025-12-17 03:00:28+00:00,0.075
2025-12-17 04:00:13+00:00,0.075
2025-12-17 05:00:14+00:00,0.075
2025-12-17 06:00:27+00:00,0.075
2025-12-17 07:00:15+00:00,0.075
2025-12-17 08:00:24+00:00,0.075
2025-12-17 09:00:16+00:00,0.085
2025-12-17 10:00:14+00:00,0.09
2025-12-17 11:00:15+00:00,0.085
2025-12-17 12:00:23+00:00,0.085
2025-12-17 13:00:13+00:00,0.085
2025-12-17 14:00:13+00:00,0.075
2025-12-17 15:00:18+00:00,0.075
2025-12-17 16:00:14+00:00,0.075
2025-12-17 17:00:13+00:00,0.075
2025-12-17 18:00:16+00:00,0.075
2025-12-17 19:00:17+00:00,0.075
2025-12-17 20:00:13+00:00,0.075
2025-12-17 21:00:18+00:00,0.08
2025-12-17 22:00:13+00:00,0.08
2025-12-17 23:00:13+00:00,0.08
2025-12-18 00:00:25+00:00,0.08
2025-12-18 01:00:10+00:00,0.08
2025-12-18 02:00:11+00:00,0.08
2025-12-18 03:00:14+00:00,0.08
2025-12-18 04:00:10+00:00,0.115
2025-12-18 05:00:22+00:00,0.11
2025-12-18 06:00:14+00:00,0.105
2025-12-18 07:00:12+00:00,0.105
2025-12-18 08:00:11+00:00,0.11
2025-12-18 09:00:13+00:00,0.11
2025-12-18 10:00:24+00:00,0.11
2025-12-18 11:00:12+00:00,0.1
2025-12-18 12:00:16+00:00,0.1
2025-12-18 13:00:13+00:00,0.105
2025-12-18 14:00:26+00:00,0.105
2025-12-18 15:00:14+00:00,0.08
2025-12-18 16:00:25+00:00,0.08
2025-12-18 17:00:17+00:00,0.095
2025-12-18 18:00:16+00:00,0.095
2025-12-18 19:00:15+00:00,0.095
2025-12-18 20:00:14+00:00,0.095
2025-12-18 21:00:16+00:00,0.095
2025-12-18 22:00:14+00:00,0.095
2025-12-18 23:00:12+00:00,0.095
2025-12-19 00:00:16+00:00,0.095
2025-12-19 01:00:12+00:00,0.095
2025-12-19 02:00:13+00:00,0.08
2025-12-19 03:00:15+00:00,0.08
2025-12-19 04:00:14+00:00,0.08
2025-12-19 05:00:13+00:00,0.08
2025-12-19 06:00:15+00:00,0.08
2025-12-19 07:00:14+00:00,0.08
2025-12-19 08:00:14+00:00,0.085
2025-12-19 09:00:18+00:00,0.085
2025-12-19 10:00:13+00:00,0.085
2025-12-19 11:00:13+00:00,0.085
2025-12-19 12:00:18+00:00,0.085
2025-12-19 13:00:13+00:00,0.085
2025-12-19 14:00:13+00:00,0.085
2025-12-19 15:00:30+00:00,0.085
2025-12-19 16:00:28+00:00,0.085
2025-12-19 17:00:16+00:00,0.085
2025-12-19 18:00:14+00:00,0.085
2025-12-19 19:00:12+00:00,0.085
2025-12-19 20:00:12+00:00,0.085
2025-12-19 21:00:14+00:00,0.085
2025-12-19 22:00:12+00:00,0.085
2025-12-19 23:00:12+00:00,0.085
2025-12-20 00:00:16+00:00,0.085
2025-12-20 01:00:14+00:00,0.085
2025-12-20 02:00:12+00:00,0.085
2025-12-20 03:00:26+00:00,0.085
2025-12-20 04:00:13+00:00,0.085
2025-12-20 05:00:13+00:00,0.085
2025-12-20 06:00:14+00:00,0.085
2025-12-20 07:00:13+00:00,0.345
2025-12-20 08:00:13+00:00,0.145
2025-12-20 09:00:22+00:00,0.11
2025-12-20 10:00:13+00:00,0.115
2025-12-20 11:00:13+00:00,0.115
2025-12-20 12:00:19+00:00,0.125
2025-12-20 13:00:13+00:00,0.125
2025-12-20 14:00:13+00:00,0.125
2025-12-20 15:00:15+00:00,0.12
2025-12-20 16:00:14+00:00,0.12
2025-12-20 17:00:18+00:00,0.12
2025-12-20 18:00:15+00:00,0.12
2025-12-20 19:00:14+00:00,0.12
2025-12-20 20:00:17+00:00,0.12
2025-12-20 21:00:19+00:00,0.12
2025-12-20 22:00:14+00:00,0.12
2025-12-20 23:00:18+00:00,0.12
2025-12-21 00:00:17+00:00,0.12
2025-12-21 01:00:13+00:00,0.12
2025-12-21 02:00:12+00:00,0.12
2025-12-21 03:00:27+00:00,0.12
2025-12-21 04:00:25+00:00,0.12
2025-12-21 05:00:12+00:00,0.12
2025-12-21 06:00:16+00:00,0.12
2025-12-21 07:00:12+00:00,0.115
2025-12-21 08:00:13+00:00,0.115
2025-12-21 09:00:15+00:00,0.115
2025-12-21 10:00:12+00:00,0.115
2025-12-21 11:00:13+00:00,0.115
2025-12-21 12:00:16+00:00,0.115
2025-12-21 13:00:13+00:00,0.095
2025-12-21 14:00:12+00:00,0.095
2025-12-21 15:00:15+00:00,0.095
2025-12-21 16:00:12+00:00,0.095
2025-12-21 17:00:19+00:00,0.095
2025-12-21 18:00:16+00:00,0.095
2025-12-21 19:00:12+00:00,0.095
2025-12-21 20:00:15+00:00,0.095
2025-12-21 21:00:15+00:00,0.09
2025-12-21 22:00:12+00:00,0.095
2025-12-21 23:00:13+00:00,0.095
2025-12-22 00:00:16+00:00,0.095
2025-12-22 01:00:13+00:00,0.095
2025-12-22 02:00:13+00:00,0.095
2025-12-22 03:00:15+00:00,0.095
2025-12-22 04:00:20+00:00,0.095
2025-12-22 05:00:13+00:00,0.095
2025-12-22 06:00:15+00:00,0.095
2025-12-22 07:00:13+00:00,0.095
2025-12-22 08:00:26+00:00,0.095
2025-12-22 09:00:29+00:00,0.095
2025-12-22 10:00:13+00:00,0.105
2025-12-22 11:00:13+00:00,0.105
2025-12-22 12:00:16+00:00,0.105
2025-12-22 13:00:12+00:00,0.105
2025-12-22 14:00:14+00:00,0.105
2025-12-22 15:00:16+00:00,0.115
2025-12-22 16:00:12+00:00,0.105
2025-12-22 17:00:17+00:00,0.1
2025-12-22 18:00:15+00:00,0.1
2025-12-22 19:00:14+00:00,0.1
2025-12-22 20:00:26+00:00,0.1
2025-12-22 21:00:15+00:00,0.1
2025-12-22 22:00:25+00:00,0.1
2025-12-22 23:00:13+00:00,0.1
2025-12-23 00:00:18+00:00,0.1
2025-12-23 01:00:15+00:00,0.1
2025-12-23 02:00:13+00:00,0.1
2025-12-23 03:00:17+00:00,0.1
2025-12-23 04:00:26+00:00,0.1
2025-12-23 05:00:37+00:00,0.1
2025-12-23 06:00:31+00:00,0.1
2025-12-23 07:00:14+00:00,0.1
2025-12-23 08:00:27+00:00,0.1
2025-12-23 09:00:15+00:00,0.1
2025-12-23 10:00:14+00:00,0.1
2025-12-23 11:00:13+00:00,0.1
2025-12-23 12:00:20+00:00,0.1
2025-12-23 13:00:14+00:00,0.1
2025-12-23 14:00:13+00:00,0.1
2025-12-23 15:00:17+00:00,0.1
2025-12-23 16:00:13+00:00,0.1
2025-12-23 17:00:34+00:00,0.085
2025-12-23 18:00:16+00:00,0.085
2025-12-23 19:00:14+00:00,0.085
2025-12-23 20:00:14+00:00,0.085
2025-12-23 21:00:16+00:00,0.085
2025-12-23 22:00:16+00:00,0.085
2025-12-23 23:00:14+00:00,0.085
2025-12-24 00:00:18+00:00,0.085
2025-12-24 01:00:15+00:00,0.085
2025-12-24 02:00:13+00:00,0.085
2025-12-24 03:00:16+00:00,0.085
2025-12-24 04:00:14+00:00,0.085
2025-12-24 05:00:15+00:00,0.085
2025-12-24 06:00:17+00:00,0.085
2025-12-24 07:00:13+00:00,0.085
2025-12-24 08:00:15+00:00,0.085
2025-12-24 09:00:17+00:00,0.085
2025-12-24 10:00:15+00:00,0.085
2025-12-24 11:00:15+00:00,0.085
2025-12-24 12:00:18+00:00,0.085
2025-12-24 13:00:15+00:00,0.085
2025-12-24 14:00:14+00:00,0.085
2025-12-24 15:00:15+00:00,0.085
2025-12-24 16:00:14+00:00,0.085
2025-12-24 17:00:18+00:00,0.085
2025-12-24 18:00:16+00:00,0.085
2025-12-24 19:00:16+00:00,0.085
2025-12-24 20:00:14+00:00,0.085
2025-12-24 21:00:18+00:00,0.085
2025-12-24 22:00:15+00:00,0.085
2025-12-24 23:00:13+00:00,0.085
2025-12-25 00:00:28+00:00,0.085
2025-12-25 01:00:13+00:00,0.085
2025-12-25 02:00:14+00:00,0.085
2025-12-25 03:00:18+00:00,0.085
2025-12-25 04:00:15+00:00,0.085
2025-12-25 05:00:14+00:00,0.085
2025-12-25 06:00:17+00:00,0.085
2025-12-25 07:00:14+00:00,0.085
2025-12-25 08:00:16+00:00,0.085
2025-12-25 09:00:15+00:00,0.085
2025-12-25 10:00:13+00:00,0.085
2025-12-25 11:00:14+00:00,0.085
2025-12-25 12:00:19+00:00,0.085
2025-12-25 13:00:14+00:00,0.09
2025-12-25 14:00:14+00:00,0.09
2025-12-25 15:00:16+00:00,0.085
2025-12-25 16:00:13+00:00,0.085
2025-12-25 17:00:20+00:00,0.085
2025-12-25 18:00:18+00:00,0.085
2025-12-25 19:00:14+00:00,0.085
2025-12-25 20:00:17+00:00,0.085
2025-12-25 21:00:16+00:00,0.085
2025-12-25 22:00:17+00:00,0.085
2025-12-25 23:00:14+00:00,0.085
2025-12-26 00:00:13+00:00,0.105
2025-12-26 01:00:10+00:00,0.105
2025-12-26 02:00:10+00:00,0.105
2025-12-26 03:00:12+00:00,0.105
2025-12-26 04:00:11+00:00,0.105
2025-12-26 05:00:12+00:00,0.105
2025-12-26 06:00:12+00:00,0.105
2025-12-26 07:00:11+00:00,0.105
2025-12-26 08:00:11+00:00,0.105
2025-12-26 09:00:12+00:00,0.105
2025-12-26 10:00:11+00:00,0.105
2025-12-26 11:00:12+00:00,0.105
2025-12-26 12:00:16+00:00,0.105
2025-12-26 13:00:11+00:00,0.105
2025-12-26 14:00:11+00:00,0.11
2025-12-26 15:00:14+00:00,0.105
2025-12-26 16:00:12+00:00,0.105
2025-12-26 17:00:18+00:00,0.105
2025-12-26 18:00:12+00:00,0.11
2025-12-26 19:00:12+00:00,0.085
2025-12-26 20:00:13+00:00,0.085
2025-12-26 21:00:16+00:00,0.085
2025-12-26 22:00:12+00:00,0.085
2025-12-26 23:00:12+00:00,0.085
2025-12-27 00:00:17+00:00,0.085
2025-12-27 01:00:13+00:00,0.085
2025-12-27 02:00:12+00:00,0.085
2025-12-27 03:00:15+00:00,0.085
2025-12-27 04:00:15+00:00,0.085
2025-12-27 05:00:16+00:00,0.085
2025-12-27 06:00:15+00:00,0.075
2025-12-27 07:00:29+00:00,0.075
2025-12-27 08:00:13+00:00,0.075
2025-12-27 09:00:15+00:00,0.075
2025-12-27 10:00:14+00:00,0.075
2025-12-27 11:00:17+00:00,0.075
2025-12-27 12:00:17+00:00,0.075
2025-12-27 13:00:14+00:00,0.075
2025-12-27 14:00:14+00:00,0.07
2025-12-27 15:00:14+00:00,0.07
2025-12-27 16:00:14+00:00,0.07
2025-12-27 17:00:13+00:00,0.07
2025-12-27 18:00:16+00:00,0.07
2025-12-27 19:00:14+00:00,0.07
2025-12-27 20:00:14+00:00,0.07
2025-12-27 21:00:15+00:00,0.07
2025-12-27 22:00:15+00:00,0.07
2025-12-27 23:00:14+00:00,0.07
2025-12-28 00:00:18+00:00,0.075
2025-12-28 02:00:14+00:00,0.075
2025-12-28 03:00:15+00:00,0.075
2025-12-28 04:00:14+00:00,0.075
2025-12-28 05:00:14+00:00,0.075
2025-12-28 06:00:15+00:00,0.075
2025-12-28 07:00:14+00:00,0.075
2025-12-28 08:00:15+00:00,0.075
2025-12-28 09:00:15+00:00,0.075
2025-12-28 10:00:16+00:00,0.075
2025-12-28 11:00:14+00:00,0.075
2025-12-28 12:00:18+00:00,0.075
2025-12-28 13:00:13+00:00,0.075
2025-12-28 14:00:14+00:00,0.075
2025-12-28 15:00:29+00:00,0.085
2025-12-28 16:00:29+00:00,0.085
2025-12-28 17:00:18+00:00,0.085
2025-12-28 18:00:16+00:00,0.085
2025-12-28 19:00:14+00:00,0.085
2025-12-28 20:00:29+00:00,0.085
2025-12-28 21:00:18+00:00,0.085
2025-12-28 22:00:15+00:00,0.085
2025-12-28 23:00:16+00:00,0.085
2025-12-29 00:00:34+00:00,0.085
2025-12-29 02:00:14+00:00,0.085
2025-12-29 03:00:29+00:00,0.085
2025-12-29 04:00:14+00:00,0.085
2025-12-29 05:00:28+00:00,0.085
2025-12-29 06:00:16+00:00,0.085
2025-12-29 07:00:18+00:00,0.085
2025-12-29 08:00:28+00:00,0.085
2025-12-29 09:00:16+00:00,0.085
2025-12-29 10:00:17+00:00,0.085
2025-12-29 11:00:17+00:00,0.085
2025-12-29 12:00:18+00:00,0.085
2025-12-29 13:00:15+00:00,0.11
2025-12-29 14:00:14+00:00,0.105
2025-12-29 15:00:16+00:00,0.105
2025-12-29 16:00:13+00:00,0.095
2025-12-29 17:00:16+00:00,0.1
2025-12-29 18:00:15+00:00,0.1
2025-12-29 19:00:17+00:00,0.1
2025-12-29 20:00:14+00:00,0.185
2025-12-29 21:00:15+00:00,0.155
2025-12-29 22:00:16+00:00,0.145
2025-12-29 23:00:29+00:00,0.145
2025-12-30 00:00:21+00:00,0.145
2025-12-30 01:00:14+00:00,0.135
2025-12-30 02:00:15+00:00,0.135
2025-12-30 03:00:17+00:00,0.13
2025-12-30 04:00:15+00:00,0.125
2025-12-30 05:00:28+00:00,0.125
2025-12-30 06:00:16+00:00,0.125
2025-12-30 07:00:20+00:00,0.125
2025-12-30 08:00:16+00:00,0.13
2025-12-30 09:00:18+00:00,0.125
2025-12-30 10:00:14+00:00,0.125
2025-12-30 11:00:17+00:00,0.125
2025-12-30 12:00:21+00:00,0.125
2025-12-30 13:00:14+00:00,0.135
2025-12-30 14:00:14+00:00,0.14
2025-12-30 15:00:16+00:00,0.135
2025-12-30 16:00:15+00:00,0.135
2025-12-30 17:00:19+00:00,0.135
2025-12-30 18:00:21+00:00,0.125
2025-12-30 19:00:15+00:00,0.145
2025-12-30 20:00:30+00:00,0.125
2025-12-30 21:00:16+00:00,0.135
2025-12-30 22:00:16+00:00,0.145
2025-12-30 23:00:16+00:00,0.13
2025-12-31 00:00:18+00:00,0.135
2025-12-31 01:00:15+00:00,0.135
2025-12-31 02:00:16+00:00,0.135
2025-12-31 03:00:18+00:00,0.135
2025-12-31 04:00:32+00:00,0.135
2025-12-31 05:00:15+00:00,0.14
2025-12-31 06:00:16+00:00,0.14
2025-12-31 07:00:15+00:00,0.13
2025-12-31 08:00:18+00:00,0.14
2025-12-31 09:00:17+00:00,0.14
2025-12-31 10:00:16+00:00,0.13
2025-12-31 11:00:26+00:00,0.125
2025-12-31 12:00:18+00:00,0.105
2025-12-31 13:00:15+00:00,0.105
2025-12-31 14:00:17+00:00,0.105
2025-12-31 15:00:17+00:00,0.105
2025-12-31 16:00:18+00:00,0.105
2025-12-31 17:00:20+00:00,0.105
2025-12-31 18:00:18+00:00,0.12
2025-12-31 19:00:45+00:00,0.12
2025-12-31 20:00:16+00:00,0.125
2025-12-31 21:00:19+00:00,0.125
2025-12-31 22:00:17+00:00,0.135
2025-12-31 23:00:16+00:00,0.135
2026-01-01 00:00:18+00:00,0.135
2026-01-01 01:00:15+00:00,0.135
2026-01-01 02:00:15+00:00,0.155
2026-01-01 03:00:16+00:00,0.145
2026-01-01 04:00:30+00:00,0.145
2026-01-01 05:00:15+00:00,0.145
2026-01-01 06:00:17+00:00,0.15
2026-01-01 07:00:14+00:00,0.15
2026-01-01 08:00:14+00:00,0.15
2026-01-01 09:00:17+00:00,0.145
2026-01-01 10:00:16+00:00,0.12
2026-01-01 11:00:14+00:00,0.115
2026-01-01 12:00:20+00:00,0.12
2026-01-01 13:00:36+00:00,0.115
2026-01-01 14:00:13+00:00,0.115
2026-01-01 15:00:17+00:00,0.105
2026-01-01 16:00:13+00:00,0.09
2026-01-01 17:00:17+00:00,0.085
2026-01-01 18:00:16+00:00,0.105
2026-01-01 19:00:13+00:00,0.105
2026-01-01 20:00:26+00:00,0.105
2026-01-01 21:00:15+00:00,0.105
2026-01-01 22:00:27+00:00,0.115
2026-01-01 23:00:14+00:00,0.11
2026-01-02 00:00:17+00:00,0.105
2026-01-02 01:00:14+00:00,0.105
2026-01-02 02:00:14+00:00,0.105
2026-01-02 03:00:30+00:00,0.105
2026-01-02 04:00:13+00:00,0.105
2026-01-02 05:00:15+00:00,0.095
2026-01-02 06:00:15+00:00,0.095
2026-01-02 07:00:14+00:00,0.095
2026-01-02 08:00:17+00:00,0.095
2026-01-02 09:00:16+00:00,0.095
2026-01-02 10:00:16+00:00,0.095
2026-01-02 11:00:15+00:00,0.105
2026-01-02 12:00:18+00:00,0.105
2026-01-02 13:00:14+00:00,0.105
2026-01-02 14:00:14+00:00,0.105
2026-01-02 15:00:17+00:00,0.105
2026-01-02 16:00:15+00:00,0.105
2026-01-02 17:00:18+00:00,0.105
2026-01-02 18:00:31+00:00,0.105
2026-01-02 19:00:17+00:00,0.105
2026-01-02 20:00:16+00:00,0.105
2026-01-02 21:00:17+00:00,0.105
2026-01-02 22:00:17+00:00,0.115
2026-01-02 23:00:15+00:00,0.115
2026-01-03 00:00:16+00:00,0.115
2026-01-03 02:00:12+00:00,0.115
2026-01-03 03:00:14+00:00,0.125
2026-01-03 04:00:17+00:00,0.135
2026-01-03 05:00:24+00:00,0.135
2026-01-03 06:00:28+00:00,0.135
2026-01-03 07:00:13+00:00,0.13
2026-01-03 08:00:12+00:00,0.19
2026-01-03 09:00:27+00:00,0.155
2026-01-03 10:00:13+00:00,0.165
2026-01-03 11:00:14+00:00,0.165
2026-01-03 12:00:18+00:00,0.17
2026-01-03 13:00:12+00:00,0.185
2026-01-03 14:00:14+00:00,0.17
2026-01-03 15:00:30+00:00,0.15
2026-01-03 16:00:13+00:00,0.14
2026-01-03 17:00:18+00:00,0.145
2026-01-03 18:00:16+00:00,0.165
2026-01-03 19:00:13+00:00,0.2
2026-01-03 20:00:16+00:00,0.155
2026-01-03 21:00:16+00:00,0.165
2026-01-03 22:00:13+00:00,0.15
2026-01-03 23:00:13+00:00,0.155
2026-01-04 00:00:17+00:00,0.16
2026-01-04 01:00:15+00:00,0.145
2026-01-04 02:00:13+00:00,0.16
2026-01-04 03:00:29+00:00,0.165
2026-01-04 04:00:16+00:00,0.145
2026-01-04 05:00:13+00:00,0.145
2026-01-04 06:00:15+00:00,0.145
2026-01-04 07:00:15+00:00,0.135
2026-01-04 08:00:14+00:00,0.145
2026-01-04 09:00:15+00:00,0.155
2026-01-04 10:00:13+00:00,0.165
2026-01-04 11:00:20+00:00,0.155
2026-01-04 12:00:20+00:00,0.205
2026-01-04 13:00:13+00:00,0.185
2026-01-04 14:00:16+00:00,0.185
2026-01-04 15:00:21+00:00,0.185
2026-01-04 16:00:28+00:00,0.175
2026-01-04 17:00:16+00:00,0.185
2026-01-04 18:00:18+00:00,0.185
2026-01-04 19:00:14+00:00,0.17
2026-01-04 20:00:32+00:00,0.185
2026-01-04 21:00:18+00:00,0.165
2026-01-04 22:00:15+00:00,0.195
2026-01-04 23:00:14+00:00,0.185
2026-01-05 00:00:20+00:00,0.21
2026-01-05 01:00:14+00:00,0.215
2026-01-05 02:00:14+00:00,0.24
2026-01-05 03:00:17+00:00,0.2
2026-01-05 04:00:14+00:00,0.22
2026-01-05 05:00:28+00:00,0.195
2026-01-05 06:00:17+00:00,0.225
2026-01-05 07:00:15+00:00,0.205
2026-01-05 08:00:15+00:00,0.22
2026-01-05 09:00:21+00:00,0.195
2026-01-05 10:00:13+00:00,0.22
2026-01-05 11:00:13+00:00,0.205
2026-01-05 12:00:17+00:00,0.205
2026-01-05 13:00:14+00:00,0.205
2026-01-05 14:00:14+00:00,0.215
2026-01-05 15:00:18+00:00,0.205
2026-01-05 16:00:15+00:00,0.215
2026-01-05 17:00:31+00:00,0.215
2026-01-05 18:00:17+00:00,0.26
2026-01-05 19:00:15+00:00,0.29
2026-01-05 20:00:14+00:00,0.265
2026-01-05 21:00:18+00:00,0.28
2026-01-05 22:00:32+00:00,0.225
2026-01-05 23:00:15+00:00,0.225
2026-01-06 00:00:22+00:00,0.21
2026-01-06 01:00:21+00:00,0.21
2026-01-06 02:00:17+00:00,0.21
2026-01-06 03:00:17+00:00,0.2
2026-01-06 04:00:19+00:00,0.195
2026-01-06 05:00:15+00:00,0.195
2026-01-06 06:00:22+00:00,0.195
2026-01-06 07:00:19+00:00,0.185
2026-01-06 08:00:21+00:00,0.18
2026-01-06 09:00:19+00:00,0.185
2026-01-06 10:00:15+00:00,0.195
2026-01-06 11:00:20+00:00,0.205
2026-01-06 12:00:20+00:00,0.205
2026-01-06 13:00:31+00:00,0.205
2026-01-06 14:00:18+00:00,0.195
2026-01-06 15:00:22+00:00,0.195
2026-01-06 16:00:16+00:00,0.195
2026-01-06 17:00:21+00:00,0.235
2026-01-06 18:00:18+00:00,0.235
2026-01-06 19:00:16+00:00,0.235
2026-01-06 20:00:16+00:00,0.23
2026-01-06 21:00:17+00:00,0.225
2026-01-06 22:00:16+00:00,0.225
2026-01-06 23:00:31+00:00,0.215
2026-01-07 00:00:19+00:00,0.225
2026-01-07 01:00:16+00:00,0.225
2026-01-07 02:00:16+00:00,0.215
2026-01-07 03:00:19+00:00,0.215
2026-01-07 04:00:16+00:00,0.215
2026-01-07 05:00:16+00:00,0.215
2026-01-07 06:00:22+00:00,0.23
2026-01-07 07:00:16+00:00,0.225
2026-01-07 08:00:18+00:00,0.225
2026-01-07 09:00:18+00:00,0.225
2026-01-07 10:00:21+00:00,0.235
2026-01-07 11:00:15+00:00,0.225
2026-01-07 12:00:24+00:00,0.225
2026-01-07 13:00:17+00:00,0.225
2026-01-07 14:00:15+00:00,0.235
2026-01-07 15:00:22+00:00,0.235
2026-01-07 16:00:16+00:00,0.225
2026-01-07 17:00:23+00:00,0.235
2026-01-07 18:00:18+00:00,0.245
2026-01-07 19:00:18+00:00,0.225
2026-01-07 20:00:17+00:00,0.225
2026-01-07 21:00:25+00:00,0.23
2026-01-07 22:00:21+00:00,0.23
2026-01-07 23:00:17+00:00,0.235
2026-01-08 00:00:35+00:00,0.24
2026-01-08 01:00:31+00:00,0.245
2026-01-08 02:00:16+00:00,0.245
2026-01-08 03:00:18+00:00,0.245
2026-01-08 04:00:16+00:00,0.25
2026-01-08 05:00:16+00:00,0.245
2026-01-08 06:00:18+00:00,0.245
2026-01-08 07:00:17+00:00,0.245
2026-01-08 08:00:27+00:00,0.245
2026-01-08 09:00:18+00:00,0.245
2026-01-08 10:00:33+00:00,0.245
2026-01-08 11:00:17+00:00,0.255
2026-01-08 12:00:37+00:00,0.245
2026-01-08 13:00:16+00:00,0.255
2026-01-08 14:00:20+00:00,0.275
2026-01-08 15:00:18+00:00,0.275
2026-01-08 16:00:31+00:00,0.275
2026-01-08 17:00:22+00:00,0.265
2026-01-08 18:00:18+00:00,0.265
2026-01-08 19:00:17+00:00,0.275
2026-01-08 20:00:18+00:00,0.34
2026-01-08 21:00:20+00:00,0.315
2026-01-08 22:00:20+00:00,0.335
2026-01-08 23:00:19+00:00,0.335
2026-01-09 00:00:20+00:00,0.335
2026-01-09 01:00:17+00:00,0.345
2026-01-09 02:00:17+00:00,0.325
2026-01-09 03:00:20+00:00,0.32
2026-01-09 04:00:17+00:00,0.335
2026-01-09 05:00:17+00:00,0.33
2026-01-09 06:00:20+00:00,0.33
2026-01-09 07:00:16+00:00,0.325
2026-01-09 08:00:18+00:00,0.325
2026-01-09 09:00:19+00:00,0.325
2026-01-09 10:00:18+00:00,0.315
2026-01-09 11:00:16+00:00,0.335
2026-01-09 12:00:34+00:00,0.355
2026-01-09 13:00:17+00:00,0.355
2026-01-09 14:00:17+00:00,0.355
2026-01-09 15:00:21+00:00,0.345
2026-01-09 16:00:19+00:00,0.345
2026-01-09 17:00:22+00:00,0.335
2026-01-09 18:00:22+00:00,0.355
2026-01-09 19:00:18+00:00,0.33
2026-01-09 20:00:35+00:00,0.33
2026-01-09 21:00:20+00:00,0.32
2026-01-09 22:00:19+00:00,0.325
2026-01-09 23:00:17+00:00,0.35
2026-01-10 00:00:21+00:00,0.365
2026-01-10 01:00:19+00:00,0.365
2026-01-10 02:00:16+00:00,0.365
2026-01-10 03:00:19+00:00,0.375
2026-01-10 04:00:16+00:00,0.375
2026-01-10 05:00:16+00:00,0.37
2026-01-10 06:00:21+00:00,0.375
2026-01-10 07:00:17+00:00,0.375
2026-01-10 08:00:31+00:00,0.375
2026-01-10 09:00:21+00:00,0.37
2026-01-10 10:00:20+00:00,0.335
2026-01-10 11:00:18+00:00,0.335
2026-01-10 12:00:23+00:00,0.335
2026-01-10 13:00:19+00:00,0.335
2026-01-10 14:00:21+00:00,0.335
2026-01-10 15:00:20+00:00,0.345
2026-01-10 16:00:29+00:00,0.355
2026-01-10 17:00:21+00:00,0.375
2026-01-10 18:00:22+00:00,0.365
2026-01-10 19:00:17+00:00,0.355
2026-01-10 20:00:18+00:00,0.34
2026-01-10 21:00:24+00:00,0.365
2026-01-10 22:00:18+00:00,0.405
2026-01-10 23:00:34+00:00,0.42
2026-01-11 00:00:18+00:00,0.405
2026-01-11 01:00:15+00:00,0.385
2026-01-11 02:00:28+00:00,0.395
2026-01-11 03:00:17+00:00,0.395
2026-01-11 04:00:16+00:00,0.415
2026-01-11 05:00:13+00:00,0.405
2026-01-11 06:00:18+00:00,0.435
2026-01-11 07:00:16+00:00,0.415
2026-01-11 08:00:15+00:00,0.425
2026-01-11 09:00:16+00:00,0.435
2026-01-11 10:00:13+00:00,0.435
2026-01-11 11:00:29+00:00,0.425
2026-01-11 12:00:18+00:00,0.425
2026-01-11 13:00:15+00:00,0.425
2026-01-11 14:00:16+00:00,0.445
2026-01-11 15:00:32+00:00,0.42
2026-01-11 16:00:14+00:00,0.425
2026-01-11 17:00:32+00:00,0.435
2026-01-11 18:00:21+00:00,0.415
2026-01-11 19:00:16+00:00,0.405
2026-01-11 20:00:20+00:00,0.405
2026-01-11 21:00:36+00:00,0.395
2026-01-11 22:00:19+00:00,0.395
2026-01-11 23:00:16+00:00,0.395
2026-01-12 00:00:20+00:00,0.395
2026-01-12 01:00:15+00:00,0.395
2026-01-12 02:00:26+00:00,0.395
2026-01-12 03:00:33+00:00,0.395
2026-01-12 04:00:17+00:00,0.395
2026-01-12 05:00:16+00:00,0.405
2026-01-12 06:00:17+00:00,0.425
2026-01-12 07:00:17+00:00,0.425
2026-01-12 08:00:17+00:00,0.425
2026-01-12 09:00:18+00:00,0.405
2026-01-12 10:00:15+00:00,0.405
2026-01-12 11:00:26+00:00,0.405
2026-01-12 12:00:25+00:00,0.405
2026-01-12 13:00:17+00:00,0.395
2026-01-12 14:00:15+00:00,0.385
2026-01-12 15:00:21+00:00,0.385
2026-01-12 16:00:14+00:00,0.385
2026-01-12 17:00:17+00:00,0.385
2026-01-12 18:00:45+00:00,0.385
2026-01-12 19:00:16+00:00,0.385
2026-01-12 20:00:20+00:00,0.385
2026-01-12 21:00:22+00:00,0.385
2026-01-12 22:00:44+00:00,0.385
2026-01-12 23:00:21+00:00,0.385
2026-01-13 00:00:21+00:00,0.385
2026-01-13 02:00:15+00:00,0.385
2026-01-13 03:00:21+00:00,0.385
2026-01-13 04:00:17+00:00,0.385
2026-01-13 05:00:16+00:00,0.385
2026-01-13 06:00:20+00:00,0.385
2026-01-13 07:00:35+00:00,0.385
2026-01-13 08:00:30+00:00,0.375
2026-01-13 09:00:23+00:00,0.39
2026-01-13 10:00:17+00:00,0.385
2026-01-13 11:00:17+00:00,0.385
2026-01-13 12:00:24+00:00,0.385
2026-01-13 14:00:31+00:00,0.375
2026-01-13 15:00:20+00:00,0.395
2026-01-13 16:00:32+00:00,0.405
2026-01-13 17:00:21+00:00,0.455
2026-01-13 18:00:21+00:00,0.455
2026-01-13 20:00:17+00:00,0.425
2026-01-13 21:00:21+00:00,0.415
2026-01-13 22:00:20+00:00,0.415
2026-01-13 23:00:19+00:00,0.42
2026-01-14 00:00:22+00:00,0.445
2026-01-14 01:00:18+00:00,0.45
2026-01-14 02:00:19+00:00,0.425
2026-01-14 03:00:21+00:00,0.435
2026-01-14 04:00:20+00:00,0.43
2026-01-14 05:00:21+00:00,0.435
2026-01-14 06:00:21+00:00,0.425
2026-01-14 07:00:19+00:00,0.425
2026-01-14 08:00:33+00:00,0.425
2026-01-14 09:00:20+00:00,0.415
2026-01-14 10:00:17+00:00,0.42
2026-01-14 11:00:17+00:00,0.435
2026-01-14 12:00:23+00:00,0.42
2026-01-14 13:00:21+00:00,0.415
2026-01-14 14:00:17+00:00,0.415
2026-01-14 15:00:36+00:00,0.455
2026-01-14 16:00:32+00:00,0.455
2026-01-14 17:00:22+00:00,0.465
2026-01-14 18:00:23+00:00,0.465
2026-01-14 19:00:19+00:00,0.49
2026-01-14 20:00:19+00:00,0.505
2026-01-14 21:00:23+00:00,0.41
2026-01-14 22:00:22+00:00,0.46
2026-01-14 23:00:19+00:00,0.435
2026-01-15 00:00:24+00:00,0.405
2026-01-15 01:00:17+00:00,0.395
2026-01-15 02:00:18+00:00,0.425
2026-01-15 03:00:33+00:00,0.41
2026-01-15 04:00:19+00:00,0.39
2026-01-15 05:00:18+00:00,0.39
2026-01-15 06:00:21+00:00,0.41
2026-01-15 07:00:19+00:00,0.405
2026-01-15 08:00:18+00:00,0.395
2026-01-15 09:00:25+00:00,0.385
2026-01-15 10:00:19+00:00,0.42
2026-01-15 11:00:18+00:00,0.41
2026-01-15 12:00:23+00:00,0.355
2026-01-15 13:00:20+00:00,0.325
2026-01-15 14:00:18+00:00,0.295
2026-01-15 15:00:21+00:00,0.255
2026-01-15 16:00:18+00:00,0.255
2026-01-15 17:00:25+00:00,0.27
2026-01-15 18:00:29+00:00,0.245
2026-01-15 19:00:24+00:00,0.265
2026-01-15 20:00:22+00:00,0.245
2026-01-15 21:00:27+00:00,0.26
2026-01-15 22:00:20+00:00,0.26
2026-01-15 23:00:21+00:00,0.26
2026-01-16 00:00:26+00:00,0.265
2026-01-16 01:00:23+00:00,0.26
2026-01-16 02:00:20+00:00,0.255
2026-01-16 03:00:26+00:00,0.265
2026-01-16 04:00:19+00:00,0.25
2026-01-16 05:00:19+00:00,0.255
2026-01-16 06:00:23+00:00,0.255
2026-01-16 07:00:20+00:00,0.26
2026-01-16 08:00:20+00:00,0.255
2026-01-16 09:00:21+00:00,0.275
2026-01-16 10:00:19+00:00,0.265
2026-01-16 11:00:18+00:00,0.265
2026-01-16 12:00:24+00:00,0.265
2026-01-16 13:00:20+00:00,0.265
2026-01-16 14:00:19+00:00,0.255
2026-01-16 15:00:22+00:00,0.255
2026-01-16 16:00:19+00:00,0.255
2026-01-16 17:00:21+00:00,0.245
2026-01-16 18:00:23+00:00,0.245
2026-01-16 19:00:23+00:00,0.245
2026-01-16 20:00:20+00:00,0.24
2026-01-16 21:00:26+00:00,0.235
2026-01-16 22:00:38+00:00,0.245
2026-01-16 23:00:20+00:00,0.245
2026-01-17 00:00:23+00:00,0.235
2026-01-17 01:00:20+00:00,0.235
2026-01-17 02:00:20+00:00,0.215
2026-01-17 03:00:24+00:00,0.215
2026-01-17 04:00:19+00:00,0.215
2026-01-17 05:00:19+00:00,0.22
2026-01-17 06:00:22+00:00,0.215
2026-01-17 07:00:21+00:00,0.215
2026-01-17 08:00:19+00:00,0.215
2026-01-17 09:00:22+00:00,0.215
2026-01-17 10:00:33+00:00,0.215
2026-01-17 11:00:19+00:00,0.215
2026-01-17 12:00:33+00:00,0.215
2026-01-17 13:00:21+00:00,0.215
2026-01-17 14:00:39+00:00,0.215
2026-01-17 15:00:27+00:00,0.205
2026-01-17 16:00:19+00:00,0.205
2026-01-17 17:00:34+00:00,0.235
2026-01-17 18:00:25+00:00,0.255
2026-01-17 19:00:22+00:00,0.285
2026-01-17 20:00:37+00:00,0.275
2026-01-17 21:00:36+00:00,0.285
2026-01-17 22:00:19+00:00,0.275
2026-01-17 23:00:20+00:00,0.295
2026-01-18 00:00:35+00:00,0.305
2026-01-18 01:00:18+00:00,0.305
2026-01-18 02:00:50+00:00,0.305
2026-01-18 03:00:24+00:00,0.31
2026-01-18 04:00:22+00:00,0.295
2026-01-18 05:00:30+00:00,0.295
2026-01-18 06:00:51+00:00,0.295
2026-01-18 07:00:18+00:00,0.295
2026-01-18 08:00:49+00:00,0.295
2026-01-18 09:00:21+00:00,0.295
2026-01-18 10:00:18+00:00,0.295
2026-01-18 11:00:21+00:00,0.295
2026-01-18 12:00:39+00:00,0.295
2026-01-18 13:00:32+00:00,0.295
2026-01-18 14:00:20+00:00,0.295
2026-01-18 15:00:21+00:00,0.295
2026-01-18 16:00:18+00:00,0.295
2026-01-18 17:00:39+00:00,0.295
2026-01-18 18:00:38+00:00,0.295
2026-01-18 19:00:19+00:00,0.295
2026-01-18 20:00:23+00:00,0.295
2026-01-18 21:00:22+00:00,0.295
2026-01-18 22:00:18+00:00,0.295
2026-01-18 23:00:22+00:00,0.295
2026-01-19 00:00:20+00:00,0.295
2026-01-19 02:00:28+00:00,0.295
2026-01-19 03:00:19+00:00,0.295
2026-01-19 04:00:21+00:00,0.295
2026-01-19 05:00:25+00:00,0.325
2026-01-19 06:00:19+00:00,0.315
2026-01-19 07:00:29+00:00,0.315
2026-01-19 08:00:27+00:00,0.315
2026-01-19 09:00:21+00:00,0.315
2026-01-19 10:00:15+00:00,0.315
2026-01-19 11:00:25+00:00,0.315
2026-01-19 12:00:23+00:00,0.315
2026-01-19 13:00:15+00:00,0.315
2026-01-19 14:00:14+00:00,0.315
2026-01-19 15:00:21+00:00,0.315
2026-01-19 16:00:16+00:00,0.305
2026-01-19 17:00:30+00:00,0.305
2026-01-19 18:00:22+00:00,0.295
2026-01-19 19:00:17+00:00,0.295
2026-01-19 20:00:22+00:00,0.295
2026-01-19 21:00:21+00:00,0.295
2026-01-19 22:00:20+00:00,0.295
2026-01-19 23:00:30+00:00,0.285
2026-01-20 00:00:22+00:00,0.275
2026-01-20 01:00:16+00:00,0.265
2026-01-20 02:00:16+00:00,0.265
2026-01-20 03:00:35+00:00,0.275
2026-01-20 04:00:34+00:00,0.275
2026-01-20 05:00:31+00:00,0.275
2026-01-20 06:00:24+00:00,0.265
2026-01-20 07:00:17+00:00,0.27
2026-01-20 08:00:18+00:00,0.265
2026-01-20 09:00:19+00:00,0.265
2026-01-20 10:00:19+00:00,0.265
2026-01-20 11:00:17+00:00,0.255
2026-01-20 12:00:22+00:00,0.245
2026-01-20 13:00:17+00:00,0.245
2026-01-20 14:00:17+00:00,0.255
2026-01-20 15:00:21+00:00,0.255
2026-01-20 16:00:16+00:00,0.255
2026-01-20 17:00:19+00:00,0.245
2026-01-20 18:00:20+00:00,0.245
2026-01-20 19:00:16+00:00,0.255
2026-01-20 20:00:18+00:00,0.255
2026-01-20 21:00:38+00:00,0.245
2026-01-20 22:00:17+00:00,0.245
2026-01-20 23:00:17+00:00,0.245
2026-01-21 00:00:23+00:00,0.245
2026-01-21 01:00:17+00:00,0.245
2026-01-21 02:00:19+00:00,0.245
2026-01-21 03:00:23+00:00,0.245
2026-01-21 04:00:16+00:00,0.235
2026-01-21 05:00:17+00:00,0.235
2026-01-21 06:00:21+00:00,0.235
2026-01-21 07:00:19+00:00,0.235
2026-01-21 08:00:18+00:00,0.235
2026-01-21 09:00:45+00:00,0.245
2026-01-21 10:00:19+00:00,0.235
2026-01-21 11:00:19+00:00,0.235
2026-01-21 12:00:45+00:00,0.235
2026-01-21 13:00:17+00:00,0.245
2026-01-21 14:00:21+00:00,0.245
2026-01-21 15:00:21+00:00,0.245
2026-01-21 16:00:20+00:00,0.245
2026-01-21 17:00:25+00:00,0.24
2026-01-21 18:00:44+00:00,0.245
2026-01-21 19:00:33+00:00,0.245
2026-01-21 20:00:21+00:00,0.245
2026-01-21 21:00:56+00:00,0.235
2026-01-21 22:00:19+00:00,0.235
2026-01-21 23:00:20+00:00,0.235
2026-01-22 00:00:32+00:00,0.235
2026-01-22 01:00:18+00:00,0.235
2026-01-22 02:00:22+00:00,0.235
2026-01-22 03:00:28+00:00,0.235
2026-01-22 04:00:18+00:00,0.235
2026-01-22 05:00:18+00:00,0.235
2026-01-22 06:00:21+00:00,0.235
2026-01-22 07:00:20+00:00,0.235
2026-01-22 08:00:22+00:00,0.235
2026-01-22 09:00:28+00:00,0.235
2026-01-22 10:00:19+00:00,0.235
2026-01-22 11:00:18+00:00,0.235
2026-01-22 12:00:50+00:00,0.235
2026-01-22 13:00:19+00:00,0.235
2026-01-22 14:00:18+00:00,0.235
2026-01-22 15:00:37+00:00,0.235
2026-01-22 16:00:19+00:00,0.235
2026-01-22 17:00:23+00:00,0.245
2026-01-22 18:00:38+00:00,0.245
2026-01-22 19:00:19+00:00,0.245
2026-01-22 20:00:21+00:00,0.245
2026-01-22 21:00:30+00:00,0.24
2026-01-22 22:00:20+00:00,0.245
2026-01-22 23:00:20+00:00,0.255
2026-01-23 00:00:40+00:00,0.255
2026-01-23 01:00:18+00:00,0.255
2026-01-23 02:00:20+00:00,0.255
2026-01-23 03:00:33+00:00,0.255
2026-01-23 04:00:20+00:00,0.255
2026-01-23 05:00:17+00:00,0.28
2026-01-23 06:00:23+00:00,0.285
2026-01-23 07:00:20+00:00,0.285
2026-01-23 08:00:20+00:00,0.285
2026-01-23 09:00:24+00:00,0.28
2026-01-23 10:00:36+00:00,0.275
2026-01-23 11:00:20+00:00,0.265
2026-01-23 12:00:52+00:00,0.265
2026-01-23 13:00:18+00:00,0.265
2026-01-23 14:00:18+00:00,0.265
2026-01-23 15:00:22+00:00,0.265
2026-01-23 16:00:18+00:00,0.26
2026-01-23 17:00:38+00:00,0.285
2026-01-23 18:00:42+00:00,0.28
2026-01-23 19:00:21+00:00,0.29
2026-01-23 20:00:20+00:00,0.315
2026-01-23 21:00:23+00:00,0.315
2026-01-23 22:00:23+00:00,0.315
2026-01-23 23:00:24+00:00,0.3
2026-01-24 00:00:35+00:00,0.305
2026-01-24 01:00:21+00:00,0.315
2026-01-24 02:00:23+00:00,0.31
2026-01-24 03:00:48+00:00,0.305
2026-01-24 04:00:19+00:00,0.305
2026-01-24 05:00:41+00:00,0.31
2026-01-24 06:00:48+00:00,0.315
2026-01-24 07:00:21+00:00,0.31
2026-01-24 08:00:23+00:00,0.295
2026-01-24 09:00:29+00:00,0.305
2026-01-24 10:00:33+00:00,0.305
2026-01-24 11:00:25+00:00,0.29
2026-01-24 12:00:35+00:00,0.29
2026-01-24 13:00:20+00:00,0.285
2026-01-24 14:00:29+00:00,0.275
2026-01-24 15:00:28+00:00,0.275
2026-01-24 16:00:21+00:00,0.275
2026-01-24 17:00:25+00:00,0.275
2026-01-24 18:00:25+00:00,0.275
2026-01-24 19:00:22+00:00,0.275
2026-01-24 20:00:20+00:00,0.275
2026-01-24 21:00:32+00:00,0.275
2026-01-24 22:00:20+00:00,0.275
2026-01-24 23:00:20+00:00,0.275
2026-01-25 00:00:42+00:00,0.275
2026-01-25 01:00:20+00:00,0.265
2026-01-25 02:00:18+00:00,0.265
2026-01-25 03:00:28+00:00,0.265
2026-01-25 04:00:18+00:00,0.27
2026-01-25 05:00:18+00:00,0.27
2026-01-25 06:00:20+00:00,0.27
2026-01-25 07:00:22+00:00,0.27
2026-01-25 08:00:19+00:00,0.27
2026-01-25 09:00:47+00:00,0.265
2026-01-25 10:00:37+00:00,0.265
2026-01-25 11:00:19+00:00,0.265
2026-01-25 12:00:55+00:00,0.265
2026-01-25 13:00:31+00:00,0.265
2026-01-25 14:00:21+00:00,0.265
2026-01-25 15:00:23+00:00,0.265
2026-01-25 16:00:37+00:00,0.265
2026-01-25 17:00:33+00:00,0.265
2026-01-25 18:00:29+00:00,0.26
2026-01-25 19:00:19+00:00,0.255
2026-01-25 20:00:20+00:00,0.255
2026-01-25 21:00:28+00:00,0.27
2026-01-25 22:00:23+00:00,0.265
2026-01-25 23:00:19+00:00,0.26
2026-01-26 00:00:42+00:00,0.265
2026-01-26 01:00:19+00:00,0.265
2026-01-26 02:00:23+00:00,0.265
2026-01-26 03:00:21+00:00,0.265
2026-01-26 04:00:19+00:00,0.265
2026-01-26 05:00:18+00:00,0.265
2026-01-26 06:00:31+00:00,0.265
2026-01-26 07:00:20+00:00,0.265
2026-01-26 08:00:20+00:00,0.275
2026-01-26 09:00:31+00:00,0.265
2026-01-26 10:00:19+00:00,0.265
2026-01-26 11:00:23+00:00,0.265
2026-01-26 12:00:34+00:00,0.265
2026-01-26 13:00:23+00:00,0.265
2026-01-26 14:00:19+00:00,0.265
2026-01-26 15:00:24+00:00,0.265
2026-01-26 16:00:20+00:00,0.265
2026-01-26 17:00:26+00:00,0.255
2026-01-26 18:00:29+00:00,0.255
2026-01-26 19:00:21+00:00,0.255
2026-01-26 20:00:25+00:00,0.255
2026-01-26 21:00:25+00:00,0.255
2026-01-26 22:00:20+00:00,0.25
2026-01-26 23:00:20+00:00,0.245
2026-01-27 00:00:36+00:00,0.255
2026-01-27 01:00:16+00:00,0.26
2026-01-27 02:00:16+00:00,0.275
2026-01-27 03:00:25+00:00,0.245
2026-01-27 04:00:18+00:00,0.245
2026-01-27 05:00:17+00:00,0.245
2026-01-27 06:00:18+00:00,0.255
2026-01-27 07:00:24+00:00,0.255
2026-01-27 08:00:19+00:00,0.255
2026-01-27 09:00:19+00:00,0.255
2026-01-27 10:00:25+00:00,0.255
2026-01-27 11:00:18+00:00,0.255
2026-01-27 12:00:23+00:00,0.255
2026-01-27 13:00:30+00:00,0.255
2026-01-27 14:00:17+00:00,0.255
2026-01-27 15:00:19+00:00,0.245
2026-01-27 16:00:17+00:00,0.245
2026-01-27 17:00:17+00:00,0.245
2026-01-27 18:00:19+00:00,0.25
2026-01-27 19:00:18+00:00,0.245
2026-01-27 20:00:17+00:00,0.245
2026-01-27 21:00:20+00:00,0.245
2026-01-27 22:00:17+00:00,0.245
2026-01-27 23:00:19+00:00,0.245
2026-01-28 00:00:25+00:00,0.245
2026-01-28 01:00:30+00:00,0.245
2026-01-28 02:00:21+00:00,0.245
2026-01-28 03:00:22+00:00,0.245
2026-01-28 04:00:37+00:00,0.245
2026-01-28 05:00:18+00:00,0.245
2026-01-28 06:00:19+00:00,0.225
2026-01-28 07:00:19+00:00,0.215
2026-01-28 08:00:18+00:00,0.215
2026-01-28 09:00:24+00:00,0.225
2026-01-28 10:00:42+00:00,0.225
2026-01-28 11:00:18+00:00,0.225
2026-01-28 12:00:27+00:00,0.225
2026-01-28 13:00:36+00:00,0.23
2026-01-28 14:00:19+00:00,0.225
2026-01-28 15:00:21+00:00,0.225
2026-01-28 16:00:19+00:00,0.23
2026-01-28 17:00:22+00:00,0.235
2026-01-28 18:00:40+00:00,0.235
2026-01-28 19:00:19+00:00,0.245
2026-01-28 20:00:24+00:00,0.245
2026-01-28 21:00:20+00:00,0.255
2026-01-28 22:00:20+00:00,0.265
2026-01-28 23:00:20+00:00,0.285
2026-01-29 00:00:40+00:00,0.275
2026-01-29 01:00:19+00:00,0.275
2026-01-29 02:00:20+00:00,0.275
2026-01-29 03:00:24+00:00,0.28
2026-01-29 04:00:21+00:00,0.27
2026-01-29 05:00:20+00:00,0.255
2026-01-29 06:00:22+00:00,0.255
2026-01-29 07:00:22+00:00,0.245
2026-01-29 08:00:21+00:00,0.25
2026-01-29 09:00:24+00:00,0.245
2026-01-29 10:00:23+00:00,0.235
2026-01-29 11:00:21+00:00,0.245
2026-01-29 12:00:30+00:00,0.245
2026-01-29 13:00:21+00:00,0.245
2026-01-29 14:00:21+00:00,0.245
2026-01-29 15:00:23+00:00,0.255
2026-01-29 16:00:21+00:00,0.285
2026-01-29 17:00:20+00:00,0.28
2026-01-29 18:00:23+00:00,0.285
2026-01-29 19:00:21+00:00,0.27
2026-01-29 20:00:32+00:00,0.275
2026-01-29 21:00:25+00:00,0.275
2026-01-29 22:00:22+00:00,0.305
2026-01-29 23:00:22+00:00,0.305
2026-01-30 00:00:29+00:00,0.305
2026-01-30 01:00:21+00:00,0.31
2026-01-30 02:00:22+00:00,0.305
2026-01-30 03:00:24+00:00,0.305
2026-01-30 04:00:22+00:00,0.315
2026-01-30 05:00:21+00:00,0.315
2026-01-30 06:00:23+00:00,0.315
2026-01-30 07:00:21+00:00,0.315
2026-01-30 08:00:21+00:00,0.315
2026-01-30 09:00:45+00:00,0.285
2026-01-30 10:00:21+00:00,0.295
2026-01-30 11:00:42+00:00,0.295
2026-01-30 12:00:43+00:00,0.305
2026-01-30 13:00:22+00:00,0.3
2026-01-30 14:00:22+00:00,0.285
2026-01-30 15:00:25+00:00,0.28
2026-01-30 16:00:23+00:00,0.295
2026-01-30 17:00:25+00:00,0.305
2026-01-30 18:00:24+00:00,0.295
2026-01-30 19:00:22+00:00,0.295
2026-01-30 20:00:23+00:00,0.295
2026-01-30 21:00:25+00:00,0.295
2026-01-30 22:00:27+00:00,0.305
2026-01-30 23:00:22+00:00,0.305
2026-01-31 00:00:29+00:00,0.32
2026-01-31 01:00:22+00:00,0.325
2026-01-31 02:00:22+00:00,0.315
2026-01-31 03:00:24+00:00,0.32
2026-01-31 04:00:23+00:00,0.315
2026-01-31 05:00:22+00:00,0.355
2026-01-31 06:00:24+00:00,0.325
2026-01-31 07:00:23+00:00,0.315
2026-01-31 08:00:23+00:00,0.315
2026-01-31 09:00:47+00:00,0.315
2026-01-31 10:00:23+00:00,0.31
2026-01-31 11:00:22+00:00,0.315
2026-01-31 12:00:34+00:00,0.315
2026-01-31 13:00:24+00:00,0.305
2026-01-31 14:00:22+00:00,0.335
2026-01-31 15:00:28+00:00,0.325
2026-01-31 16:00:22+00:00,0.325
2026-01-31 17:00:39+00:00,0.315
2026-01-31 18:00:28+00:00,0.315
2026-01-31 19:00:25+00:00,0.315
2026-01-31 20:00:23+00:00,0.305
2026-01-31 21:00:42+00:00,0.305
2026-01-31 22:00:41+00:00,0.305
2026-01-31 23:00:22+00:00,0.305
2026-02-01 00:00:35+00:00,0.31
2026-02-01 02:00:20+00:00,0.315
2026-02-01 03:00:25+00:00,0.305
2026-02-01 04:00:21+00:00,0.295
2026-02-01 05:00:40+00:00,0.3
2026-02-01 06:00:26+00:00,0.285
2026-02-01 07:00:20+00:00,0.255
2026-02-01 08:00:19+00:00,0.255
2026-02-01 09:00:29+00:00,0.25
2026-02-01 10:00:20+00:00,0.25
2026-02-01 11:00:23+00:00,0.255
2026-02-01 12:00:32+00:00,0.235
2026-02-01 13:00:20+00:00,0.245
2026-02-01 14:00:39+00:00,0.245
2026-02-01 15:00:36+00:00,0.245
2026-02-01 16:00:40+00:00,0.255
2026-02-01 17:00:20+00:00,0.255
2026-02-01 18:00:22+00:00,0.245
2026-02-01 19:00:19+00:00,0.235
2026-02-01 20:00:23+00:00,0.225
2026-02-01 21:00:24+00:00,0.215
2026-02-01 22:00:21+00:00,0.22
2026-02-01 23:00:20+00:00,0.215
2026-02-02 00:00:28+00:00,0.215
2026-02-02 01:00:20+00:00,0.215
2026-02-02 02:00:47+00:00,0.205
2026-02-02 03:00:22+00:00,0.205
2026-02-02 04:00:20+00:00,0.205
2026-02-02 05:00:34+00:00,0.205
2026-02-02 06:00:23+00:00,0.205
2026-02-02 07:00:21+00:00,0.195
2026-02-02 08:00:20+00:00,0.195
2026-02-02 09:00:24+00:00,0.205
2026-02-02 10:00:21+00:00,0.195
2026-02-02 11:00:22+00:00,0.195
2026-02-02 12:00:32+00:00,0.195
2026-02-02 13:00:19+00:00,0.195
2026-02-02 14:00:37+00:00,0.195
2026-02-02 15:00:25+00:00,0.195
2026-02-02 16:00:20+00:00,0.195
2026-02-02 17:00:22+00:00,0.195
2026-02-02 18:00:24+00:00,0.195
2026-02-02 19:00:20+00:00,0.195
2026-02-02 20:00:22+00:00,0.195
2026-02-02 21:00:24+00:00,0.195
2026-02-02 22:00:20+00:00,0.195
2026-02-02 23:00:20+00:00,0.195
2026-02-03 00:00:31+00:00,0.195
2026-02-03 01:00:20+00:00,0.195
2026-02-03 02:00:20+00:00,0.195
2026-02-03 03:00:29+00:00,0.195
2026-02-03 04:00:20+00:00,0.185
2026-02-03 05:00:23+00:00,0.185
2026-02-03 06:00:23+00:00,0.185
2026-02-03 07:00:24+00:00,0.185
2026-02-03 08:00:22+00:00,0.185
2026-02-03 09:00:27+00:00,0.185
2026-02-03 10:00:24+00:00,0.185
2026-02-03 11:00:20+00:00,0.185
2026-02-03 12:00:37+00:00,0.185
2026-02-03 13:00:20+00:00,0.185
2026-02-03 14:00:40+00:00,0.185
2026-02-03 15:00:24+00:00,0.185
2026-02-03 16:00:21+00:00,0.185
2026-02-03 17:00:31+00:00,0.15
2026-02-03 18:00:27+00:00,0.165
2026-02-03 19:00:22+00:00,0.18
2026-02-03 20:00:24+00:00,0.185
2026-02-03 21:00:28+00:00,0.185
2026-02-03 22:00:20+00:00,0.175
2026-02-03 23:00:25+00:00,0.165
2026-02-04 00:00:41+00:00,0.155
2026-02-04 01:00:17+00:00,0.155
2026-02-04 02:00:19+00:00,0.155
2026-02-04 03:00:20+00:00,0.145
2026-02-04 04:00:18+00:00,0.145
2026-02-04 05:00:20+00:00,0.145
2026-02-04 06:00:20+00:00,0.135
2026-02-04 07:00:18+00:00,0.135
2026-02-04 08:00:18+00:00,0.135
2026-02-04 09:00:27+00:00,0.135
2026-02-04 10:00:17+00:00,0.135
2026-02-04 11:00:20+00:00,0.135
2026-02-04 12:00:32+00:00,0.135
2026-02-04 13:00:19+00:00,0.135
2026-02-04 14:00:18+00:00,0.135
2026-02-04 15:00:29+00:00,0.135
2026-02-04 16:00:37+00:00,0.135
2026-02-04 17:00:30+00:00,0.145
2026-02-04 18:00:29+00:00,0.175
2026-02-04 19:00:18+00:00,0.18
2026-02-04 20:00:21+00:00,0.165
2026-02-04 21:00:27+00:00,0.165
2026-02-04 22:00:18+00:00,0.165
2026-02-04 23:00:18+00:00,0.165
2026-02-05 00:00:27+00:00,0.165
2026-02-05 01:00:18+00:00,0.165
2026-02-05 02:00:19+00:00,0.165
2026-02-05 03:00:42+00:00,0.165
2026-02-05 04:00:19+00:00,0.165
2026-02-05 05:00:19+00:00,0.165
2026-02-05 06:00:24+00:00,0.165
2026-02-05 07:00:20+00:00,0.165
2026-02-05 08:00:18+00:00,0.155
2026-02-05 09:00:27+00:00,0.155
2026-02-05 10:00:22+00:00,0.165
2026-02-05 11:00:19+00:00,0.165
2026-02-05 12:00:36+00:00,0.16
2026-02-05 13:00:22+00:00,0.155
2026-02-05 14:00:19+00:00,0.165
2026-02-05 15:00:38+00:00,0.165
2026-02-05 16:00:19+00:00,0.155
2026-02-05 17:00:23+00:00,0.165
2026-02-05 18:00:27+00:00,0.155
2026-02-05 19:00:40+00:00,0.16
2026-02-05 20:00:36+00:00,0.155
2026-02-05 21:00:30+00:00,0.155
2026-02-05 22:00:35+00:00,0.155
2026-02-05 23:00:21+00:00,0.16
2026-02-06 00:00:34+00:00,0.155
2026-02-06 01:00:28+00:00,0.155
2026-02-06 02:00:20+00:00,0.155
2026-02-06 03:00:38+00:00,0.155
2026-02-06 04:00:31+00:00,0.16
2026-02-06 05:00:21+00:00,0.165
2026-02-06 06:00:24+00:00,0.165
2026-02-06 07:00:24+00:00,0.165
2026-02-06 08:00:23+00:00,0.165
2026-02-06 09:00:30+00:00,0.165
2026-02-06 10:00:21+00:00,0.165
2026-02-06 11:00:21+00:00,0.175
2026-02-06 12:00:36+00:00,0.175
2026-02-06 13:00:21+00:00,0.165
2026-02-06 14:00:22+00:00,0.165
2026-02-06 15:00:32+00:00,0.165
2026-02-06 16:00:22+00:00,0.165
2026-02-06 17:00:28+00:00,0.165
2026-02-06 18:00:29+00:00,0.165
2026-02-06 19:00:23+00:00,0.165
2026-02-06 20:00:22+00:00,0.165
2026-02-06 21:00:24+00:00,0.165
2026-02-06 22:00:20+00:00,0.175
2026-02-06 23:00:23+00:00,0.175
2026-02-07 00:00:41+00:00,0.175
2026-02-07 02:00:21+00:00,0.165
2026-02-07 03:00:25+00:00,0.165
2026-02-07 04:00:41+00:00,0.165
2026-02-07 05:00:22+00:00,0.165
2026-02-07 06:00:27+00:00,0.165
2026-02-07 07:00:24+00:00,0.165
2026-02-07 08:00:22+00:00,0.165
2026-02-07 09:00:30+00:00,0.165
2026-02-07 10:00:23+00:00,0.165
2026-02-07 11:00:26+00:00,0.16
2026-02-07 12:00:39+00:00,0.155
2026-02-07 13:00:27+00:00,0.155
2026-02-07 14:00:23+00:00,0.155
2026-02-07 15:00:33+00:00,0.155
2026-02-07 16:00:23+00:00,0.155
2026-02-07 17:00:22+00:00,0.155
2026-02-07 18:00:31+00:00,0.155
2026-02-07 19:00:23+00:00,0.155
2026-02-07 20:00:23+00:00,0.155
2026-02-07 21:00:35+00:00,0.155
2026-02-07 22:00:23+00:00,0.155
2026-02-07 23:00:22+00:00,0.155
2026-02-08 00:00:37+00:00,0.155
2026-02-08 01:00:24+00:00,0.155
2026-02-08 02:00:22+00:00,0.155
2026-02-08 03:00:25+00:00,0.155
2026-02-08 04:00:51+00:00,0.155
2026-02-08 05:00:22+00:00,0.155
2026-02-08 06:00:27+00:00,0.155
2026-02-08 07:00:37+00:00,0.155
2026-02-08 08:00:21+00:00,0.185
2026-02-08 09:00:41+00:00,0.155
2026-02-08 10:00:36+00:00,0.155
2026-02-08 11:00:21+00:00,0.155
2026-02-08 12:00:47+00:00,0.155
2026-02-08 13:00:36+00:00,0.155
2026-02-08 14:00:21+00:00,0.155
2026-02-08 15:00:44+00:00,0.155
2026-02-08 16:00:21+00:00,0.155
2026-02-08 17:00:31+00:00,0.155
2026-02-08 18:00:24+00:00,0.145
2026-02-08 19:00:21+00:00,0.145
2026-02-08 20:00:24+00:00,0.155
2026-02-08 21:00:31+00:00,0.17
2026-02-08 22:00:23+00:00,0.17
2026-02-08 23:00:21+00:00,0.175
2026-02-09 00:00:36+00:00,0.17
2026-02-09 01:00:22+00:00,0.165
2026-02-09 02:00:21+00:00,0.165
2026-02-09 03:00:26+00:00,0.17
2026-02-09 04:00:31+00:00,0.175
2026-02-09 05:00:20+00:00,0.175
2026-02-09 06:00:26+00:00,0.165
2026-02-09 07:00:20+00:00,0.165
2026-02-09 08:00:34+00:00,0.165
2026-02-09 09:00:34+00:00,0.165
2026-02-09 10:00:20+00:00,0.185
2026-02-09 11:00:19+00:00,0.185
2026-02-09 12:00:53+00:00,0.185
2026-02-09 13:00:20+00:00,0.185
2026-02-09 14:00:21+00:00,0.175
2026-02-09 15:00:35+00:00,0.175
2026-02-09 16:00:40+00:00,0.175
2026-02-09 17:00:19+00:00,0.175
2026-02-09 18:00:33+00:00,0.175
2026-02-09 19:00:22+00:00,0.175
2026-02-09 20:00:20+00:00,0.175
2026-02-09 21:00:31+00:00,0.185
2026-02-09 22:00:20+00:00,0.175
2026-02-09 23:00:21+00:00,0.175
2026-02-10 00:00:39+00:00,0.175
2026-02-10 01:00:20+00:00,0.175
2026-02-10 02:00:34+00:00,0.175
2026-02-10 03:00:30+00:00,0.175
2026-02-10 04:00:21+00:00,0.175
2026-02-10 05:00:21+00:00,0.175
2026-02-10 06:00:42+00:00,0.175
2026-02-10 07:00:32+00:00,0.175
2026-02-10 08:00:21+00:00,0.175
2026-02-10 09:00:31+00:00,0.175
2026-02-10 10:00:21+00:00,0.175
2026-02-10 11:00:22+00:00,0.175
2026-02-10 12:00:52+00:00,0.175
2026-02-10 13:00:24+00:00,0.165
2026-02-10 14:00:21+00:00,0.165
2026-02-10 15:00:33+00:00,0.165
2026-02-10 16:00:24+00:00,0.165
2026-02-10 17:00:24+00:00,0.165
2026-02-10 18:00:31+00:00,0.165
2026-02-10 19:00:32+00:00,0.165
2026-02-10 20:00:43+00:00,0.165
2026-02-10 21:00:32+00:00,0.165
2026-02-10 22:00:21+00:00,0.165
2026-02-10 23:00:25+00:00,0.165
2026-02-11 00:00:42+00:00,0.165
2026-02-11 01:00:21+00:00,0.165
2026-02-11 02:00:21+00:00,0.165
2026-02-11 03:00:34+00:00,0.165
2026-02-11 04:00:23+00:00,0.165
2026-02-11 05:00:21+00:00,0.165
2026-02-11 06:00:27+00:00,0.165
2026-02-11 07:00:22+00:00,0.165
2026-02-11 08:00:21+00:00,0.165
2026-02-11 09:00:35+00:00,0.165
2026-02-11 10:00:21+00:00,0.165
2026-02-11 11:00:21+00:00,0.165
2026-02-11 12:00:40+00:00,0.165
2026-02-11 13:00:20+00:00,0.165
2026-02-11 14:00:24+00:00,0.165
2026-02-11 15:00:48+00:00,0.165
2026-02-11 16:00:21+00:00,0.165
2026-02-11 17:00:30+00:00,0.165
2026-02-11 18:00:32+00:00,0.155
2026-02-11 19:00:21+00:00,0.155
2026-02-11 20:00:44+00:00,0.155
2026-02-11 21:00:50+00:00,0.155
2026-02-11 22:00:23+00:00,0.165
2026-02-11 23:00:23+00:00,0.155
2026-02-12 00:00:48+00:00,0.155
2026-02-12 01:00:18+00:00,0.155
2026-02-12 02:00:22+00:00,0.155
2026-02-12 03:00:31+00:00,0.155
2026-02-12 04:00:19+00:00,0.16
2026-02-12 05:00:18+00:00,0.155
2026-02-12 06:00:23+00:00,0.155
2026-02-12 07:00:20+00:00,0.155
2026-02-12 08:00:36+00:00,0.155
2026-02-12 09:00:50+00:00,0.155
2026-02-12 10:00:26+00:00,0.155
2026-02-12 11:00:20+00:00,0.155
2026-02-12 12:00:37+00:00,0.155
2026-02-12 13:00:19+00:00,0.155
2026-02-12 14:00:20+00:00,0.155
2026-02-12 15:00:31+00:00,0.155
2026-02-12 16:00:19+00:00,0.155
2026-02-12 17:00:45+00:00,0.155
2026-02-12 18:00:24+00:00,0.145
2026-02-12 19:00:20+00:00,0.155
2026-02-12 20:00:22+00:00,0.155
2026-02-12 21:00:51+00:00,0.155
2026-02-12 22:00:19+00:00,0.155
2026-02-12 23:00:20+00:00,0.155
2026-02-13 00:00:38+00:00,0.155
2026-02-13 01:00:36+00:00,0.155
2026-02-13 02:00:20+00:00,0.155
2026-02-13 03:00:43+00:00,0.155
2026-02-13 04:00:19+00:00,0.155
2026-02-13 05:00:19+00:00,0.155
2026-02-13 06:00:31+00:00,0.155
2026-02-13 07:00:22+00:00,0.155
2026-02-13 08:00:19+00:00,0.155
2026-02-13 09:00:32+00:00,0.155
2026-02-13 10:00:20+00:00,0.155
2026-02-13 11:00:20+00:00,0.155
2026-02-13 12:00:42+00:00,0.155
2026-02-13 13:00:23+00:00,0.155
2026-02-13 14:00:21+00:00,0.155
2026-02-13 15:00:35+00:00,0.155
2026-02-13 16:00:24+00:00,0.155
2026-02-13 17:00:43+00:00,0.155
2026-02-13 18:00:32+00:00,0.155
2026-02-13 19:00:21+00:00,0.155
2026-02-13 20:00:24+00:00,0.155
2026-02-13 21:00:33+00:00,0.155
2026-02-13 22:00:21+00:00,0.155
2026-02-13 23:00:22+00:00,0.155
2026-02-14 00:00:43+00:00,0.155
2026-02-14 01:00:21+00:00,0.155
2026-02-14 02:00:25+00:00,0.155
2026-02-14 03:00:24+00:00,0.155
2026-02-14 04:00:22+00:00,0.155
2026-02-14 05:00:22+00:00,0.155
2026-02-14 06:00:31+00:00,0.155
2026-02-14 07:00:23+00:00,0.155
2026-02-14 08:00:23+00:00,0.155
2026-02-14 09:00:36+00:00,0.155
2026-02-14 10:00:22+00:00,0.155
2026-02-14 11:00:27+00:00,0.155
2026-02-14 12:00:44+00:00,0.155
2026-02-14 13:00:21+00:00,0.155
2026-02-14 14:00:22+00:00,0.155
2026-02-14 15:00:34+00:00,0.155
2026-02-14 16:00:23+00:00,0.155
2026-02-14 17:00:32+00:00,0.155
2026-02-14 18:00:33+00:00,0.155
2026-02-14 19:00:23+00:00,0.155
2026-02-14 21:00:35+00:00,0.155
2026-02-14 22:00:26+00:00,0.145
2026-02-14 23:00:43+00:00,0.15
2026-02-15 00:00:41+00:00,0.155
2026-02-15 01:00:22+00:00,0.145
2026-02-15 02:00:40+00:00,0.145
2026-02-15 03:00:29+00:00,0.145
2026-02-15 04:00:21+00:00,0.145
2026-02-15 05:00:21+00:00,0.145
2026-02-15 06:00:35+00:00,0.145
2026-02-15 07:00:23+00:00,0.145
2026-02-15 08:00:23+00:00,0.145
2026-02-15 09:00:34+00:00,0.145
2026-02-15 10:00:27+00:00,0.145
2026-02-15 11:00:38+00:00,0.145
2026-02-15 12:00:48+00:00,0.145
2026-02-15 13:00:22+00:00,0.145
2026-02-15 14:00:22+00:00,0.135
2026-02-15 15:00:49+00:00,0.135
2026-02-15 16:00:24+00:00,0.135
2026-02-15 17:00:27+00:00,0.135
2026-02-15 18:00:41+00:00,0.135
2026-02-15 19:00:25+00:00,0.135
2026-02-15 20:00:25+00:00,0.135
2026-02-15 21:00:39+00:00,0.135
2026-02-15 22:00:22+00:00,0.135
2026-02-15 23:00:23+00:00,0.135
2026-02-16 00:00:53+00:00,0.135
2026-02-16 01:00:35+00:00,0.135
2026-02-16 02:00:22+00:00,0.135
2026-02-16 03:00:27+00:00,0.135
2026-02-16 04:00:22+00:00,0.135
2026-02-16 05:00:25+00:00,0.135
2026-02-16 06:00:33+00:00,0.135
2026-02-16 07:00:23+00:00,0.135
2026-02-16 08:00:23+00:00,0.135
2026-02-16 09:00:57+00:00,0.135
2026-02-16 10:00:22+00:00,0.135
2026-02-16 11:00:22+00:00,0.135
2026-02-16 12:00:52+00:00,0.135
2026-02-16 13:00:27+00:00,0.135
2026-02-16 14:00:25+00:00,0.135
2026-02-16 15:00:56+00:00,0.145
2026-02-16 16:00:24+00:00,0.155
2026-02-16 17:00:22+00:00,0.165
2026-02-16 18:00:40+00:00,0.145
2026-02-16 19:00:24+00:00,0.155
2026-02-16 20:00:23+00:00,0.165
2026-02-16 21:00:39+00:00,0.155
2026-02-16 22:00:29+00:00,0.155
2026-02-16 23:00:23+00:00,0.155
2026-02-17 00:00:43+00:00,0.155
2026-02-17 01:00:26+00:00,0.155
2026-02-17 02:00:22+00:00,0.165
2026-02-17 03:00:36+00:00,0.165
2026-02-17 04:00:27+00:00,0.165
2026-02-17 05:00:22+00:00,0.155
2026-02-17 06:00:37+00:00,0.155
2026-02-17 07:00:23+00:00,0.155
2026-02-17 08:00:34+00:00,0.155
2026-02-17 09:00:38+00:00,0.155
2026-02-17 10:00:27+00:00,0.155
2026-02-17 11:00:23+00:00,0.155
2026-02-17 13:00:23+00:00,0.155
2026-02-17 14:00:23+00:00,0.155
2026-02-17 15:00:48+00:00,0.155
2026-02-17 16:00:23+00:00,0.155
2026-02-17 17:00:47+00:00,0.155
2026-02-17 18:00:50+00:00,0.165
2026-02-17 19:00:03+00:00,0.165
2026-02-17 19:00:38+00:00,0.165
2026-02-17 20:00:23+00:00,0.165
2026-02-17 21:00:37+00:00,0.175
2026-02-17 22:00:27+00:00,0.175
2026-02-17 23:00:23+00:00,0.175
2026-02-18 00:00:48+00:00,0.165
2026-02-18 01:00:22+00:00,0.165
2026-02-18 02:00:23+00:00,0.165
2026-02-18 03:00:26+00:00,0.165
2026-02-18 04:00:23+00:00,0.165
2026-02-18 05:00:37+00:00,0.165
2026-02-18 06:00:37+00:00,0.165
2026-02-18 07:00:23+00:00,0.165
2026-02-18 08:00:23+00:00,0.165
2026-02-18 09:00:51+00:00,0.185
2026-02-18 10:00:25+00:00,0.195
2026-02-18 11:00:25+00:00,0.21
2026-02-18 12:00:47+00:00,0.215
2026-02-18 13:00:23+00:00,0.215
2026-02-18 14:00:25+00:00,0.225
2026-02-18 16:00:26+00:00,0.245
2026-02-18 17:00:23+00:00,0.255
2026-02-18 18:00:39+00:00,0.255
2026-02-18 19:00:25+00:00,0.255
2026-02-18 20:00:57+00:00,0.255
2026-02-18 21:00:50+00:00,0.255
2026-02-18 22:00:27+00:00,0.215
2026-02-18 23:00:24+00:00,0.195
2026-02-19 00:00:50+00:00,0.205
2026-02-19 01:00:25+00:00,0.215
2026-02-19 02:00:25+00:00,0.215
2026-02-19 03:00:39+00:00,0.215
2026-02-19 04:00:24+00:00,0.225
2026-02-19 05:00:25+00:00,0.225
2026-02-19 06:00:57+00:00,0.235
2026-02-19 07:00:25+00:00,0.225
2026-02-19 08:00:24+00:00,0.215
2026-02-19 09:00:42+00:00,0.215
2026-02-19 10:00:26+00:00,0.205
2026-02-19 11:00:26+00:00,0.205
2026-02-19 13:00:25+00:00,0.215
2026-02-19 14:00:26+00:00,0.225
2026-02-19 15:00:42+00:00,0.225
2026-02-19 16:00:28+00:00,0.225
2026-02-19 17:00:43+00:00,0.225
2026-02-19 18:00:43+00:00,0.225
2026-02-19 19:00:27+00:00,0.225
2026-02-19 20:00:26+00:00,0.235
2026-02-19 21:00:44+00:00,0.235
2026-02-19 22:00:28+00:00,0.235
2026-02-19 23:00:26+00:00,0.225
2026-02-20 00:00:46+00:00,0.225
2026-02-20 01:00:32+00:00,0.225
2026-02-20 02:00:22+00:00,0.225
2026-02-20 03:00:45+00:00,0.225
2026-02-20 04:00:21+00:00,0.245
2026-02-20 05:00:21+00:00,0.245
2026-02-20 06:00:36+00:00,0.245
2026-02-20 07:00:21+00:00,0.25
2026-02-20 08:00:22+00:00,0.245
2026-02-20 09:00:33+00:00,0.255
2026-02-20 10:00:22+00:00,0.245
2026-02-20 11:00:23+00:00,0.245
2026-02-20 12:00:28+00:00,0.245
2026-02-20 13:00:43+00:00,0.245
2026-02-20 14:00:21+00:00,0.245
2026-02-20 15:00:28+00:00,0.245
2026-02-20 16:00:47+00:00,0.245
2026-02-20 17:00:40+00:00,0.245
2026-02-20 18:00:27+00:00,0.245
2026-02-20 19:00:29+00:00,0.235
2026-02-20 20:00:24+00:00,0.235
2026-02-20 21:00:28+00:00,0.245
2026-02-20 22:00:24+00:00,0.245
2026-02-20 23:00:24+00:00,0.245
2026-02-21 00:00:32+00:00,0.245
2026-02-21 01:00:28+00:00,0.245
2026-02-21 02:00:22+00:00,0.235
2026-02-21 03:00:29+00:00,0.235
2026-02-21 04:00:31+00:00,0.235
2026-02-21 05:00:22+00:00,0.235
2026-02-21 06:00:49+00:00,0.235
2026-02-21 07:00:25+00:00,0.235
2026-02-21 08:00:24+00:00,0.235
2026-02-21 09:00:29+00:00,0.235
2026-02-21 10:00:26+00:00,0.235
2026-02-21 11:00:33+00:00,0.235
2026-02-21 12:00:32+00:00,0.235
2026-02-21 13:00:31+00:00,0.235
2026-02-21 14:00:25+00:00,0.225
2026-02-21 15:00:31+00:00,0.225
2026-02-21 16:00:24+00:00,0.225
2026-02-21 17:00:37+00:00,0.225
2026-02-21 18:00:30+00:00,0.225
2026-02-21 19:00:30+00:00,0.225
2026-02-21 20:00:31+00:00,0.225
2026-02-21 21:00:31+00:00,0.225
2026-02-21 22:00:25+00:00,0.225
2026-02-21 23:00:26+00:00,0.225
2026-02-22 00:00:32+00:00,0.225
2026-02-22 01:00:25+00:00,0.225
2026-02-22 02:00:26+00:00,0.225
2026-02-22 03:00:44+00:00,0.215
2026-02-22 04:00:23+00:00,0.215
2026-02-22 05:00:23+00:00,0.215
2026-02-22 06:00:28+00:00,0.215
2026-02-22 07:00:48+00:00,0.215
2026-02-22 08:00:29+00:00,0.215
2026-02-22 09:00:30+00:00,0.215
2026-02-22 10:00:26+00:00,0.205
2026-02-22 11:00:25+00:00,0.205
2026-02-22 12:00:39+00:00,0.205
2026-02-22 13:00:24+00:00,0.215
2026-02-22 14:00:48+00:00,0.205
2026-02-22 15:00:29+00:00,0.205
2026-02-22 16:00:28+00:00,0.205
2026-02-22 17:00:44+00:00,0.205
2026-02-22 18:00:36+00:00,0.205
2026-02-22 19:00:28+00:00,0.205
2026-02-22 20:00:28+00:00,0.205
2026-02-22 21:00:37+00:00,0.215
2026-02-22 22:00:26+00:00,0.225
2026-02-22 23:00:26+00:00,0.215
2026-02-23 00:00:37+00:00,0.215
2026-02-23 02:00:25+00:00,0.215
2026-02-23 03:00:30+00:00,0.215
2026-02-23 04:00:28+00:00,0.205
2026-02-23 05:00:24+00:00,0.215
2026-02-23 06:00:32+00:00,0.205
2026-02-23 07:00:25+00:00,0.205
2026-02-23 08:00:39+00:00,0.205
2026-02-23 09:00:30+00:00,0.205
2026-02-23 10:00:23+00:00,0.205
2026-02-23 11:00:36+00:00,0.205
2026-02-23 12:00:41+00:00,0.205
2026-02-23 13:00:23+00:00,0.205
2026-02-23 14:00:24+00:00,0.195
2026-02-23 15:00:35+00:00,0.195
2026-02-23 16:00:24+00:00,0.185
2026-02-23 17:00:27+00:00,0.185
2026-02-23 18:00:45+00:00,0.185
2026-02-23 19:00:24+00:00,0.195
2026-02-23 20:00:24+00:00,0.195
2026-02-23 21:00:30+00:00,0.195
2026-02-23 22:00:25+00:00,0.195
2026-02-23 23:00:26+00:00,0.195
2026-02-24 00:00:38+00:00,0.195
2026-02-24 01:00:24+00:00,0.195
2026-02-24 02:00:30+00:00,0.2
2026-02-24 03:00:30+00:00,0.195
2026-02-24 04:00:25+00:00,0.2
2026-02-24 05:00:42+00:00,0.205
2026-02-24 06:00:30+00:00,0.205
2026-02-24 07:00:27+00:00,0.2
2026-02-24 08:00:34+00:00,0.205
2026-02-24 09:00:38+00:00,0.205
2026-02-24 10:00:25+00:00,0.195
2026-02-24 11:00:25+00:00,0.205
2026-02-24 12:00:47+00:00,0.205
2026-02-24 13:00:29+00:00,0.205
2026-02-24 14:00:25+00:00,0.195
2026-02-24 15:00:32+00:00,0.195
2026-02-24 16:00:25+00:00,0.195
2026-02-24 17:00:40+00:00,0.195
2026-02-24 18:00:33+00:00,0.195
2026-02-24 19:00:26+00:00,0.195
2026-02-24 20:00:26+00:00,0.195
2026-02-24 21:00:31+00:00,0.195
2026-02-24 22:00:41+00:00,0.205
2026-02-24 23:00:47+00:00,0.205
2026-02-25 00:00:42+00:00,0.205
2026-02-25 01:00:26+00:00,0.205
2026-02-25 02:00:40+00:00,0.205
2026-02-25 03:00:31+00:00,0.205
2026-02-25 04:00:54+00:00,0.195
2026-02-25 05:00:26+00:00,0.185
2026-02-25 06:00:31+00:00,0.185
2026-02-25 07:00:26+00:00,0.185
2026-02-25 08:00:28+00:00,0.185
2026-02-25 09:00:32+00:00,0.185
2026-02-25 10:00:24+00:00,0.185
2026-02-25 11:00:26+00:00,0.185
2026-02-25 12:00:46+00:00,0.185
2026-02-25 13:00:24+00:00,0.185
2026-02-25 14:00:30+00:00,0.185
2026-02-25 15:00:36+00:00,0.185
2026-02-25 16:00:25+00:00,0.185
2026-02-25 17:00:24+00:00,0.175
2026-02-25 18:00:32+00:00,0.175
2026-02-25 19:00:28+00:00,0.175
2026-02-25 20:00:38+00:00,0.175
2026-02-25 21:00:33+00:00,0.175
2026-02-25 22:00:27+00:00,0.175
2026-02-25 23:00:27+00:00,0.175
2026-02-26 00:00:38+00:00,0.175
2026-02-26 01:00:26+00:00,0.185
2026-02-26 02:00:27+00:00,0.185
2026-02-26 03:00:50+00:00,0.185
2026-02-26 04:00:38+00:00,0.185
2026-02-26 05:00:27+00:00,0.175
2026-02-26 06:00:33+00:00,0.175
2026-02-26 07:00:28+00:00,0.175
2026-02-26 08:00:29+00:00,0.175
2026-02-26 09:00:45+00:00,0.175
2026-02-26 10:00:27+00:00,0.175
2026-02-26 11:00:25+00:00,0.175
2026-02-26 12:00:56+00:00,0.165
2026-02-26 13:00:28+00:00,0.165
2026-02-26 14:00:31+00:00,0.165
2026-02-26 15:00:39+00:00,0.165
2026-02-26 16:00:46+00:00,0.175
2026-02-26 17:00:34+00:00,0.175
2026-02-26 18:00:47+00:00,0.175
2026-02-26 19:00:32+00:00,0.165
2026-02-26 20:00:32+00:00,0.165
2026-02-26 21:00:36+00:00,0.165
2026-02-26 22:00:29+00:00,0.165
2026-02-26 23:00:30+00:00,0.175
2026-02-27 00:00:44+00:00,0.175
2026-02-27 01:00:30+00:00,0.175
2026-02-27 02:00:30+00:00,0.175
2026-02-27 03:00:35+00:00,0.175
2026-02-27 04:00:30+00:00,0.175
2026-02-27 05:00:44+00:00,0.17
2026-02-27 06:00:35+00:00,0.165
2026-02-27 07:00:30+00:00,0.165
2026-02-27 08:00:33+00:00,0.165
2026-02-27 09:00:42+00:00,0.165
2026-02-27 10:00:31+00:00,0.165
2026-02-27 11:00:32+00:00,0.165
2026-02-27 12:00:57+00:00,0.175
2026-02-27 13:00:33+00:00,0.22
2026-02-27 14:00:30+00:00,0.225
2026-02-27 15:00:39+00:00,0.235
2026-02-27 16:00:43+00:00,0.215
2026-02-27 17:00:59+00:00,0.215
2026-02-27 18:00:44+00:00,0.215
2026-02-27 19:00:31+00:00,0.205
2026-02-27 20:00:32+00:00,0.23
2026-02-27 21:00:39+00:00,0.235
2026-02-27 22:00:33+00:00,0.235
2026-02-27 23:00:37+00:00,0.235
2026-02-28 00:00:43+00:00,0.27
2026-02-28 01:00:29+00:00,0.265
2026-02-28 02:00:34+00:00,0.265
2026-02-28 03:00:32+00:00,0.235
2026-02-28 04:00:30+00:00,0.235
2026-02-28 05:00:30+00:00,0.235
2026-02-28 06:00:36+00:00,0.245
2026-02-28 07:00:34+00:00,0.405
2026-02-28 08:00:41+00:00,0.455
2026-02-28 09:00:54+00:00,0.465
2026-02-28 10:00:35+00:00,0.46
2026-02-28 11:00:30+00:00,0.445
2026-02-28 13:00:32+00:00,0.47
2026-02-28 14:00:46+00:00,0.75
2026-02-28 15:00:33+00:00,0.64
2026-02-28 16:00:34+00:00,0.745
2026-02-28 18:00:36+00:00,0.735
2026-02-28 19:00:33+00:00,0.78
2026-02-28 20:00:33+00:00,0.956
2026-02-28 21:00:35+00:00,0.9275
2026-02-28 22:00:37+00:00,0.9735
2026-02-28 23:00:30+00:00,0.973
2026-03-01 00:00:57+00:00,0.9675
2026-03-01 01:00:35+00:00,0.9635
2026-03-01 02:00:33+00:00,0.9975
2026-03-01 03:00:36+00:00,0.9965
2026-03-01 04:00:33+00:00,0.9965
2026-03-01 05:00:31+00:00,0.9965
2026-03-01 06:00:57+00:00,0.9975
2026-03-01 07:00:29+00:00,0.9975
2026-03-01 08:00:32+00:00,0.9985
2026-03-01 09:00:46+00:00,0.9985
2026-03-01 10:00:37+00:00,0.9985
2026-03-01 11:00:30+00:00,0.9985
2026-03-01 12:00:45+00:00,0.9985
2026-03-01 13:00:30+00:00,0.9985
2026-03-01 14:00:34+00:00,0.9985
2026-03-01 15:00:40+00:00,0.9985
2026-03-01 16:00:34+00:00,0.9985
2026-03-01 17:00:30+00:00,0.9985
2026-03-01 18:00:34+00:00,0.9985
2026-03-01 19:00:31+00:00,0.9985
2026-03-01 20:00:32+00:00,0.9985
2026-03-01 21:00:40+00:00,0.9985
2026-03-01 22:00:33+00:00,0.9985
2026-03-01 23:00:31+00:00,0.9985
2026-03-02 00:00:54+00:00,0.9985
2026-03-02 01:00:30+00:00,0.9985
2026-03-02 02:00:30+00:00,0.9985
2026-03-02 03:00:35+00:00,0.9985
2026-03-02 04:00:29+00:00,0.9985
2026-03-02 05:00:28+00:00,0.9985
2026-03-02 06:00:30+00:00,0.9985
2026-03-02 07:00:28+00:00,0.9995
2026-03-02 08:00:29+00:00,0.9985
2026-03-02 09:00:34+00:00,0.9985
2026-03-02 10:00:30+00:00,0.9985
2026-03-02 11:00:28+00:00,0.9985
2026-03-02 12:00:45+00:00,0.9985
2026-03-02 13:00:31+00:00,0.9985
2026-03-02 14:00:32+00:00,0.9985
2026-03-02 15:00:59+00:00,0.9985
2026-03-02 16:00:31+00:00,0.9985
2026-03-02 19:00:34+00:00,0.9985
2026-03-02 20:00:34+00:00,0.9985
2026-03-02 21:00:35+00:00,0.9985
2026-03-02 22:00:32+00:00,0.9985
2026-03-02 23:00:30+00:00,0.9985
2026-03-03 00:00:47+00:00,0.9985
2026-03-03 01:00:31+00:00,0.9985
2026-03-03 02:00:44+00:00,0.9985
2026-03-03 03:00:38+00:00,0.9985
2026-03-03 04:00:31+00:00,0.9985
2026-03-03 05:00:31+00:00,0.9985
2026-03-03 06:00:46+00:00,0.9985
2026-03-03 07:00:33+00:00,0.9985
2026-03-03 08:00:32+00:00,0.9985
2026-03-03 09:00:35+00:00,0.9985
2026-03-03 10:00:32+00:00,0.9985
2026-03-03 11:00:43+00:00,0.9995
2026-03-03 12:00:49+00:00,0.9995
2026-03-03 13:00:33+00:00,0.9995
2026-03-03 14:00:56+00:00,0.9995
2026-03-03 15:00:43+00:00,0.9995
2026-03-03 16:00:34+00:00,0.9995
2026-03-03 17:00:33+00:00,0.9995
2026-03-03 18:00:40+00:00,0.9995
2026-03-03 19:00:35+00:00,0.9995
2026-03-03 20:00:35+00:00,0.9995
2026-03-03 22:00:38+00:00,0.9995
2026-03-03 23:00:35+00:00,0.9995
2026-03-04 00:00:48+00:00,0.9995
